{
"skeleton": {
	"hash": "FJuWYVkLpTY",
	"spine": "4.0.56",
	"x": -289.72,
	"y": -204.11,
	"width": 570.02,
	"height": 396.51,
	"images": "./images/",
	"audio": "K:/【2023】/Q4/复刻动画/13005/13005"
},
"bones": [
	{ "name": "root" },
	{ "name": "Scale", "parent": "root", "scaleX": 0.362, "scaleY": 0.362 },
	{ "name": "beijing", "parent": "Scale", "x": -246.81, "y": -973.8 },
	{ "name": "Fx_par_b", "parent": "beijing", "x": -297.53, "y": 537.96 },
	{ "name": "Fx_par_b2", "parent": "beijing", "x": 713.92, "y": 563.71, "scaleX": 1.2, "scaleY": 1.2 },
	{ "name": "Fx_smoke", "parent": "beijing", "x": 246.81, "y": 973.8 },
	{ "name": "Fx_smoke2", "parent": "beijing", "x": 246.81, "y": 973.8 },
	{ "name": "Fx_smoke3", "parent": "beijing", "x": 246.81, "y": 973.8 },
	{ "name": "Fx_smoke4", "parent": "beijing", "x": 246.81, "y": 973.8 },
	{ "name": "Fx_Thunder", "parent": "beijing", "x": 246.81, "y": 973.8 },
	{ "name": "Fx_Thunder2", "parent": "beijing", "x": 246.81, "y": 973.8 }
],
"slots": [
	{ "name": "13005_68", "bone": "beijing", "attachment": "13005_68" },
	{ "name": "Fx_Thunder", "bone": "Fx_Thunder", "attachment": "Fx_Thunder/Fx_Thunder_00009", "blend": "additive" },
	{ "name": "Fx_Thunder2", "bone": "Fx_Thunder2", "attachment": "Fx_Thunder/Fx_Thunder_00009", "blend": "additive" },
	{ "name": "13005_67", "bone": "beijing", "attachment": "13005_67" },
	{ "name": "Fx_smoke", "bone": "Fx_smoke", "attachment": "Fx_smoke/Fx_smoke_0019", "blend": "additive" },
	{ "name": "Fx_smoke3", "bone": "Fx_smoke3", "attachment": "Fx_smoke/Fx_smoke_0019", "blend": "additive" },
	{ "name": "Fx_smoke2", "bone": "Fx_smoke2", "attachment": "Fx_smoke/Fx_smoke_0019", "blend": "additive" },
	{ "name": "Fx_smoke4", "bone": "Fx_smoke4", "attachment": "Fx_smoke/Fx_smoke_0019", "blend": "additive" },
	{ "name": "Fx_par_b", "bone": "Fx_par_b", "attachment": "Fx_par_b/Fx_par_b_0014", "blend": "additive" },
	{ "name": "Fx_par_b2", "bone": "Fx_par_b2", "attachment": "Fx_par_b/Fx_par_b_0014", "blend": "additive" }
],
"skins": [
	{
		"name": "default",
		"attachments": {
			"13005_67": {
				"13005_67": {
					"type": "mesh",
					"uvs": [ 1, 1, 0, 1, 0, 0, 1, 0 ],
					"triangles": [ 1, 2, 3, 1, 3, 0 ],
					"vertices": [ 1, 2, 997.81, 442.3, 1, 1, 2, -504.19, 442.3, 1, 1, 2, -504.19, 1083.3, 1, 1, 2, 997.81, 1083.3, 1 ],
					"hull": 4,
					"edges": [ 0, 2, 2, 4, 4, 6, 0, 6 ],
					"width": 1502,
					"height": 641
				}
			},
			"13005_68": {
				"13005_68": { "x": 246.81, "y": 973.8, "width": 1502, "height": 1063 }
			},
			"Fx_par_b": {
				"Fx_par_b/Fx_par_b_0000": { "width": 512, "height": 256 },
				"Fx_par_b/Fx_par_b_0001": { "width": 512, "height": 256 },
				"Fx_par_b/Fx_par_b_0002": { "width": 512, "height": 256 },
				"Fx_par_b/Fx_par_b_0003": { "width": 512, "height": 256 },
				"Fx_par_b/Fx_par_b_0004": { "width": 512, "height": 256 },
				"Fx_par_b/Fx_par_b_0005": { "width": 512, "height": 256 },
				"Fx_par_b/Fx_par_b_0006": { "width": 512, "height": 256 },
				"Fx_par_b/Fx_par_b_0007": { "width": 512, "height": 256 },
				"Fx_par_b/Fx_par_b_0008": { "width": 512, "height": 256 },
				"Fx_par_b/Fx_par_b_0009": { "width": 512, "height": 256 },
				"Fx_par_b/Fx_par_b_0010": { "width": 512, "height": 256 },
				"Fx_par_b/Fx_par_b_0011": { "width": 512, "height": 256 },
				"Fx_par_b/Fx_par_b_0012": { "width": 512, "height": 256 },
				"Fx_par_b/Fx_par_b_0013": { "width": 512, "height": 256 },
				"Fx_par_b/Fx_par_b_0014": { "width": 512, "height": 256 }
			},
			"Fx_par_b2": {
				"Fx_par_b/Fx_par_b_0000": { "width": 512, "height": 256 },
				"Fx_par_b/Fx_par_b_0001": { "width": 512, "height": 256 },
				"Fx_par_b/Fx_par_b_0002": { "width": 512, "height": 256 },
				"Fx_par_b/Fx_par_b_0003": { "width": 512, "height": 256 },
				"Fx_par_b/Fx_par_b_0004": { "width": 512, "height": 256 },
				"Fx_par_b/Fx_par_b_0005": { "width": 512, "height": 256 },
				"Fx_par_b/Fx_par_b_0006": { "width": 512, "height": 256 },
				"Fx_par_b/Fx_par_b_0007": { "width": 512, "height": 256 },
				"Fx_par_b/Fx_par_b_0008": { "width": 512, "height": 256 },
				"Fx_par_b/Fx_par_b_0009": { "width": 512, "height": 256 },
				"Fx_par_b/Fx_par_b_0010": { "width": 512, "height": 256 },
				"Fx_par_b/Fx_par_b_0011": { "width": 512, "height": 256 },
				"Fx_par_b/Fx_par_b_0012": { "width": 512, "height": 256 },
				"Fx_par_b/Fx_par_b_0013": { "width": 512, "height": 256 },
				"Fx_par_b/Fx_par_b_0014": { "width": 512, "height": 256 }
			},
			"Fx_smoke": {
				"Fx_smoke/Fx_smoke_0000": { "width": 256, "height": 256 },
				"Fx_smoke/Fx_smoke_0001": { "width": 256, "height": 256 },
				"Fx_smoke/Fx_smoke_0002": { "width": 256, "height": 256 },
				"Fx_smoke/Fx_smoke_0003": { "width": 256, "height": 256 },
				"Fx_smoke/Fx_smoke_0004": { "width": 256, "height": 256 },
				"Fx_smoke/Fx_smoke_0005": { "width": 256, "height": 256 },
				"Fx_smoke/Fx_smoke_0006": { "width": 256, "height": 256 },
				"Fx_smoke/Fx_smoke_0007": { "width": 256, "height": 256 },
				"Fx_smoke/Fx_smoke_0008": { "width": 256, "height": 256 },
				"Fx_smoke/Fx_smoke_0009": { "width": 256, "height": 256 },
				"Fx_smoke/Fx_smoke_0010": { "width": 256, "height": 256 },
				"Fx_smoke/Fx_smoke_0011": { "width": 256, "height": 256 },
				"Fx_smoke/Fx_smoke_0012": { "width": 256, "height": 256 },
				"Fx_smoke/Fx_smoke_0013": { "width": 256, "height": 256 },
				"Fx_smoke/Fx_smoke_0014": { "width": 256, "height": 256 },
				"Fx_smoke/Fx_smoke_0015": { "width": 256, "height": 256 },
				"Fx_smoke/Fx_smoke_0016": { "width": 256, "height": 256 },
				"Fx_smoke/Fx_smoke_0017": { "width": 256, "height": 256 },
				"Fx_smoke/Fx_smoke_0018": { "width": 256, "height": 256 },
				"Fx_smoke/Fx_smoke_0019": { "width": 256, "height": 256 }
			},
			"Fx_smoke2": {
				"Fx_smoke/Fx_smoke_0000": { "width": 256, "height": 256 },
				"Fx_smoke/Fx_smoke_0001": { "width": 256, "height": 256 },
				"Fx_smoke/Fx_smoke_0002": { "width": 256, "height": 256 },
				"Fx_smoke/Fx_smoke_0003": { "width": 256, "height": 256 },
				"Fx_smoke/Fx_smoke_0004": { "width": 256, "height": 256 },
				"Fx_smoke/Fx_smoke_0005": { "width": 256, "height": 256 },
				"Fx_smoke/Fx_smoke_0006": { "width": 256, "height": 256 },
				"Fx_smoke/Fx_smoke_0007": { "width": 256, "height": 256 },
				"Fx_smoke/Fx_smoke_0008": { "width": 256, "height": 256 },
				"Fx_smoke/Fx_smoke_0009": { "width": 256, "height": 256 },
				"Fx_smoke/Fx_smoke_0010": { "width": 256, "height": 256 },
				"Fx_smoke/Fx_smoke_0011": { "width": 256, "height": 256 },
				"Fx_smoke/Fx_smoke_0012": { "width": 256, "height": 256 },
				"Fx_smoke/Fx_smoke_0013": { "width": 256, "height": 256 },
				"Fx_smoke/Fx_smoke_0014": { "width": 256, "height": 256 },
				"Fx_smoke/Fx_smoke_0015": { "width": 256, "height": 256 },
				"Fx_smoke/Fx_smoke_0016": { "width": 256, "height": 256 },
				"Fx_smoke/Fx_smoke_0017": { "width": 256, "height": 256 },
				"Fx_smoke/Fx_smoke_0018": { "width": 256, "height": 256 },
				"Fx_smoke/Fx_smoke_0019": { "width": 256, "height": 256 }
			},
			"Fx_smoke3": {
				"Fx_smoke/Fx_smoke_0000": { "width": 256, "height": 256 },
				"Fx_smoke/Fx_smoke_0001": { "width": 256, "height": 256 },
				"Fx_smoke/Fx_smoke_0002": { "width": 256, "height": 256 },
				"Fx_smoke/Fx_smoke_0003": { "width": 256, "height": 256 },
				"Fx_smoke/Fx_smoke_0004": { "width": 256, "height": 256 },
				"Fx_smoke/Fx_smoke_0005": { "width": 256, "height": 256 },
				"Fx_smoke/Fx_smoke_0006": { "width": 256, "height": 256 },
				"Fx_smoke/Fx_smoke_0007": { "width": 256, "height": 256 },
				"Fx_smoke/Fx_smoke_0008": { "width": 256, "height": 256 },
				"Fx_smoke/Fx_smoke_0009": { "width": 256, "height": 256 },
				"Fx_smoke/Fx_smoke_0010": { "width": 256, "height": 256 },
				"Fx_smoke/Fx_smoke_0011": { "width": 256, "height": 256 },
				"Fx_smoke/Fx_smoke_0012": { "width": 256, "height": 256 },
				"Fx_smoke/Fx_smoke_0013": { "width": 256, "height": 256 },
				"Fx_smoke/Fx_smoke_0014": { "width": 256, "height": 256 },
				"Fx_smoke/Fx_smoke_0015": { "width": 256, "height": 256 },
				"Fx_smoke/Fx_smoke_0016": { "width": 256, "height": 256 },
				"Fx_smoke/Fx_smoke_0017": { "width": 256, "height": 256 },
				"Fx_smoke/Fx_smoke_0018": { "width": 256, "height": 256 },
				"Fx_smoke/Fx_smoke_0019": { "width": 256, "height": 256 }
			},
			"Fx_smoke4": {
				"Fx_smoke/Fx_smoke_0000": { "width": 256, "height": 256 },
				"Fx_smoke/Fx_smoke_0001": { "width": 256, "height": 256 },
				"Fx_smoke/Fx_smoke_0002": { "width": 256, "height": 256 },
				"Fx_smoke/Fx_smoke_0003": { "width": 256, "height": 256 },
				"Fx_smoke/Fx_smoke_0004": { "width": 256, "height": 256 },
				"Fx_smoke/Fx_smoke_0005": { "width": 256, "height": 256 },
				"Fx_smoke/Fx_smoke_0006": { "width": 256, "height": 256 },
				"Fx_smoke/Fx_smoke_0007": { "width": 256, "height": 256 },
				"Fx_smoke/Fx_smoke_0008": { "width": 256, "height": 256 },
				"Fx_smoke/Fx_smoke_0009": { "width": 256, "height": 256 },
				"Fx_smoke/Fx_smoke_0010": { "width": 256, "height": 256 },
				"Fx_smoke/Fx_smoke_0011": { "width": 256, "height": 256 },
				"Fx_smoke/Fx_smoke_0012": { "width": 256, "height": 256 },
				"Fx_smoke/Fx_smoke_0013": { "width": 256, "height": 256 },
				"Fx_smoke/Fx_smoke_0014": { "width": 256, "height": 256 },
				"Fx_smoke/Fx_smoke_0015": { "width": 256, "height": 256 },
				"Fx_smoke/Fx_smoke_0016": { "width": 256, "height": 256 },
				"Fx_smoke/Fx_smoke_0017": { "width": 256, "height": 256 },
				"Fx_smoke/Fx_smoke_0018": { "width": 256, "height": 256 },
				"Fx_smoke/Fx_smoke_0019": { "width": 256, "height": 256 }
			},
			"Fx_Thunder": {
				"Fx_Thunder/Fx_Thunder_00000": { "width": 300, "height": 450 },
				"Fx_Thunder/Fx_Thunder_00001": { "width": 300, "height": 450 },
				"Fx_Thunder/Fx_Thunder_00002": { "width": 300, "height": 450 },
				"Fx_Thunder/Fx_Thunder_00003": { "width": 300, "height": 450 },
				"Fx_Thunder/Fx_Thunder_00004": { "width": 300, "height": 450 },
				"Fx_Thunder/Fx_Thunder_00005": { "width": 300, "height": 450 },
				"Fx_Thunder/Fx_Thunder_00006": { "width": 300, "height": 450 },
				"Fx_Thunder/Fx_Thunder_00007": { "width": 300, "height": 450 },
				"Fx_Thunder/Fx_Thunder_00008": { "width": 300, "height": 450 },
				"Fx_Thunder/Fx_Thunder_00009": { "width": 300, "height": 450 }
			},
			"Fx_Thunder2": {
				"Fx_Thunder/Fx_Thunder_00000": { "width": 300, "height": 450 },
				"Fx_Thunder/Fx_Thunder_00001": { "width": 300, "height": 450 },
				"Fx_Thunder/Fx_Thunder_00002": { "width": 300, "height": 450 },
				"Fx_Thunder/Fx_Thunder_00003": { "width": 300, "height": 450 },
				"Fx_Thunder/Fx_Thunder_00004": { "width": 300, "height": 450 },
				"Fx_Thunder/Fx_Thunder_00005": { "width": 300, "height": 450 },
				"Fx_Thunder/Fx_Thunder_00006": { "width": 300, "height": 450 },
				"Fx_Thunder/Fx_Thunder_00007": { "width": 300, "height": 450 },
				"Fx_Thunder/Fx_Thunder_00008": { "width": 300, "height": 450 },
				"Fx_Thunder/Fx_Thunder_00009": { "width": 300, "height": 450 }
			}
		}
	}
],
"animations": {
	"play": {
		"slots": {
			"Fx_par_b": {
				"attachment": [
					{ "name": "Fx_par_b/Fx_par_b_0000" },
					{ "time": 0.0667, "name": "Fx_par_b/Fx_par_b_0001" },
					{ "time": 0.1333, "name": "Fx_par_b/Fx_par_b_0002" },
					{ "time": 0.2, "name": "Fx_par_b/Fx_par_b_0003" },
					{ "time": 0.2667, "name": "Fx_par_b/Fx_par_b_0004" },
					{ "time": 0.3333, "name": "Fx_par_b/Fx_par_b_0005" },
					{ "time": 0.4, "name": "Fx_par_b/Fx_par_b_0006" },
					{ "time": 0.4667, "name": "Fx_par_b/Fx_par_b_0007" },
					{ "time": 0.5333, "name": "Fx_par_b/Fx_par_b_0008" },
					{ "time": 0.6, "name": "Fx_par_b/Fx_par_b_0009" },
					{ "time": 0.6667, "name": "Fx_par_b/Fx_par_b_0010" },
					{ "time": 0.7333, "name": "Fx_par_b/Fx_par_b_0011" },
					{ "time": 0.8, "name": "Fx_par_b/Fx_par_b_0012" },
					{ "time": 0.8667, "name": "Fx_par_b/Fx_par_b_0013" },
					{ "time": 0.9333, "name": "Fx_par_b/Fx_par_b_0014" },
					{ "time": 1, "name": "Fx_par_b/Fx_par_b_0000" },
					{ "time": 1.0667, "name": "Fx_par_b/Fx_par_b_0001" },
					{ "time": 1.1333, "name": "Fx_par_b/Fx_par_b_0002" },
					{ "time": 1.2, "name": "Fx_par_b/Fx_par_b_0003" },
					{ "time": 1.2667, "name": "Fx_par_b/Fx_par_b_0004" },
					{ "time": 1.3333, "name": "Fx_par_b/Fx_par_b_0005" },
					{ "time": 1.4, "name": "Fx_par_b/Fx_par_b_0006" },
					{ "time": 1.4667, "name": "Fx_par_b/Fx_par_b_0007" },
					{ "time": 1.5333, "name": "Fx_par_b/Fx_par_b_0008" },
					{ "time": 1.6, "name": "Fx_par_b/Fx_par_b_0009" },
					{ "time": 1.6667, "name": "Fx_par_b/Fx_par_b_0010" },
					{ "time": 1.7333, "name": "Fx_par_b/Fx_par_b_0011" },
					{ "time": 1.8, "name": "Fx_par_b/Fx_par_b_0012" },
					{ "time": 1.8667, "name": "Fx_par_b/Fx_par_b_0013" },
					{ "time": 1.9333, "name": "Fx_par_b/Fx_par_b_0014" },
					{ "time": 2, "name": "Fx_par_b/Fx_par_b_0000" },
					{ "time": 2.0667, "name": "Fx_par_b/Fx_par_b_0001" },
					{ "time": 2.1333, "name": "Fx_par_b/Fx_par_b_0002" },
					{ "time": 2.2, "name": "Fx_par_b/Fx_par_b_0003" },
					{ "time": 2.2667, "name": "Fx_par_b/Fx_par_b_0004" },
					{ "time": 2.3333, "name": "Fx_par_b/Fx_par_b_0005" },
					{ "time": 2.4, "name": "Fx_par_b/Fx_par_b_0006" },
					{ "time": 2.4667, "name": "Fx_par_b/Fx_par_b_0007" },
					{ "time": 2.5333, "name": "Fx_par_b/Fx_par_b_0008" },
					{ "time": 2.6, "name": "Fx_par_b/Fx_par_b_0009" },
					{ "time": 2.6667, "name": "Fx_par_b/Fx_par_b_0010" },
					{ "time": 2.7333, "name": "Fx_par_b/Fx_par_b_0011" },
					{ "time": 2.8, "name": "Fx_par_b/Fx_par_b_0012" },
					{ "time": 2.8667, "name": "Fx_par_b/Fx_par_b_0013" },
					{ "time": 2.9333, "name": "Fx_par_b/Fx_par_b_0014" },
					{ "time": 3, "name": "Fx_par_b/Fx_par_b_0000" },
					{ "time": 3.0667, "name": "Fx_par_b/Fx_par_b_0001" },
					{ "time": 3.1333, "name": "Fx_par_b/Fx_par_b_0002" },
					{ "time": 3.2, "name": "Fx_par_b/Fx_par_b_0003" },
					{ "time": 3.2667, "name": "Fx_par_b/Fx_par_b_0004" },
					{ "time": 3.3333, "name": "Fx_par_b/Fx_par_b_0005" },
					{ "time": 3.4, "name": "Fx_par_b/Fx_par_b_0006" },
					{ "time": 3.4667, "name": "Fx_par_b/Fx_par_b_0007" },
					{ "time": 3.5333, "name": "Fx_par_b/Fx_par_b_0008" },
					{ "time": 3.6, "name": "Fx_par_b/Fx_par_b_0009" },
					{ "time": 3.6667, "name": "Fx_par_b/Fx_par_b_0010" },
					{ "time": 3.7333, "name": "Fx_par_b/Fx_par_b_0011" },
					{ "time": 3.8, "name": "Fx_par_b/Fx_par_b_0012" },
					{ "time": 3.8667, "name": "Fx_par_b/Fx_par_b_0013" },
					{ "time": 3.9333, "name": "Fx_par_b/Fx_par_b_0014" },
					{ "time": 4, "name": "Fx_par_b/Fx_par_b_0000" }
				]
			},
			"Fx_par_b2": {
				"attachment": [
					{ "name": "Fx_par_b/Fx_par_b_0013" },
					{ "time": 0.0667, "name": "Fx_par_b/Fx_par_b_0014" },
					{ "time": 0.1333, "name": "Fx_par_b/Fx_par_b_0000" },
					{ "time": 0.2, "name": "Fx_par_b/Fx_par_b_0001" },
					{ "time": 0.2667, "name": "Fx_par_b/Fx_par_b_0002" },
					{ "time": 0.3333, "name": "Fx_par_b/Fx_par_b_0003" },
					{ "time": 0.4, "name": "Fx_par_b/Fx_par_b_0004" },
					{ "time": 0.4667, "name": "Fx_par_b/Fx_par_b_0005" },
					{ "time": 0.5333, "name": "Fx_par_b/Fx_par_b_0006" },
					{ "time": 0.6, "name": "Fx_par_b/Fx_par_b_0007" },
					{ "time": 0.6667, "name": "Fx_par_b/Fx_par_b_0008" },
					{ "time": 0.7333, "name": "Fx_par_b/Fx_par_b_0009" },
					{ "time": 0.8, "name": "Fx_par_b/Fx_par_b_0010" },
					{ "time": 0.8667, "name": "Fx_par_b/Fx_par_b_0011" },
					{ "time": 0.9333, "name": "Fx_par_b/Fx_par_b_0012" },
					{ "time": 1, "name": "Fx_par_b/Fx_par_b_0013" },
					{ "time": 1.0667, "name": "Fx_par_b/Fx_par_b_0014" },
					{ "time": 1.1333, "name": "Fx_par_b/Fx_par_b_0000" },
					{ "time": 1.2, "name": "Fx_par_b/Fx_par_b_0001" },
					{ "time": 1.2667, "name": "Fx_par_b/Fx_par_b_0002" },
					{ "time": 1.3333, "name": "Fx_par_b/Fx_par_b_0003" },
					{ "time": 1.4, "name": "Fx_par_b/Fx_par_b_0004" },
					{ "time": 1.4667, "name": "Fx_par_b/Fx_par_b_0005" },
					{ "time": 1.5333, "name": "Fx_par_b/Fx_par_b_0006" },
					{ "time": 1.6, "name": "Fx_par_b/Fx_par_b_0007" },
					{ "time": 1.6667, "name": "Fx_par_b/Fx_par_b_0008" },
					{ "time": 1.7333, "name": "Fx_par_b/Fx_par_b_0009" },
					{ "time": 1.8, "name": "Fx_par_b/Fx_par_b_0010" },
					{ "time": 1.8667, "name": "Fx_par_b/Fx_par_b_0011" },
					{ "time": 1.9333, "name": "Fx_par_b/Fx_par_b_0012" },
					{ "time": 2, "name": "Fx_par_b/Fx_par_b_0013" },
					{ "time": 2.0667, "name": "Fx_par_b/Fx_par_b_0014" },
					{ "time": 2.1333, "name": "Fx_par_b/Fx_par_b_0000" },
					{ "time": 2.2, "name": "Fx_par_b/Fx_par_b_0001" },
					{ "time": 2.2667, "name": "Fx_par_b/Fx_par_b_0002" },
					{ "time": 2.3333, "name": "Fx_par_b/Fx_par_b_0003" },
					{ "time": 2.4, "name": "Fx_par_b/Fx_par_b_0004" },
					{ "time": 2.4667, "name": "Fx_par_b/Fx_par_b_0005" },
					{ "time": 2.5333, "name": "Fx_par_b/Fx_par_b_0006" },
					{ "time": 2.6, "name": "Fx_par_b/Fx_par_b_0007" },
					{ "time": 2.6667, "name": "Fx_par_b/Fx_par_b_0008" },
					{ "time": 2.7333, "name": "Fx_par_b/Fx_par_b_0009" },
					{ "time": 2.8, "name": "Fx_par_b/Fx_par_b_0010" },
					{ "time": 2.8667, "name": "Fx_par_b/Fx_par_b_0011" },
					{ "time": 2.9333, "name": "Fx_par_b/Fx_par_b_0012" },
					{ "time": 3, "name": "Fx_par_b/Fx_par_b_0013" },
					{ "time": 3.0667, "name": "Fx_par_b/Fx_par_b_0014" },
					{ "time": 3.1333, "name": "Fx_par_b/Fx_par_b_0000" },
					{ "time": 3.2, "name": "Fx_par_b/Fx_par_b_0001" },
					{ "time": 3.2667, "name": "Fx_par_b/Fx_par_b_0002" },
					{ "time": 3.3333, "name": "Fx_par_b/Fx_par_b_0003" },
					{ "time": 3.4, "name": "Fx_par_b/Fx_par_b_0004" },
					{ "time": 3.4667, "name": "Fx_par_b/Fx_par_b_0005" },
					{ "time": 3.5333, "name": "Fx_par_b/Fx_par_b_0006" },
					{ "time": 3.6, "name": "Fx_par_b/Fx_par_b_0007" },
					{ "time": 3.6667, "name": "Fx_par_b/Fx_par_b_0008" },
					{ "time": 3.7333, "name": "Fx_par_b/Fx_par_b_0009" },
					{ "time": 3.8, "name": "Fx_par_b/Fx_par_b_0010" },
					{ "time": 3.8667, "name": "Fx_par_b/Fx_par_b_0011" },
					{ "time": 3.9333, "name": "Fx_par_b/Fx_par_b_0012" },
					{ "time": 4, "name": "Fx_par_b/Fx_par_b_0013" }
				]
			},
			"Fx_smoke": {
				"rgba": [
					{ "color": "ffffff59" }
				],
				"attachment": [
					{ "name": "Fx_smoke/Fx_smoke_0000" },
					{ "time": 0.0667, "name": "Fx_smoke/Fx_smoke_0001" },
					{ "time": 0.1333, "name": "Fx_smoke/Fx_smoke_0002" },
					{ "time": 0.2, "name": "Fx_smoke/Fx_smoke_0003" },
					{ "time": 0.2667, "name": "Fx_smoke/Fx_smoke_0004" },
					{ "time": 0.3333, "name": "Fx_smoke/Fx_smoke_0005" },
					{ "time": 0.4, "name": "Fx_smoke/Fx_smoke_0006" },
					{ "time": 0.4667, "name": "Fx_smoke/Fx_smoke_0007" },
					{ "time": 0.5333, "name": "Fx_smoke/Fx_smoke_0008" },
					{ "time": 0.6, "name": "Fx_smoke/Fx_smoke_0009" },
					{ "time": 0.6667, "name": "Fx_smoke/Fx_smoke_0010" },
					{ "time": 0.7333, "name": "Fx_smoke/Fx_smoke_0011" },
					{ "time": 0.8, "name": "Fx_smoke/Fx_smoke_0012" },
					{ "time": 0.8667, "name": "Fx_smoke/Fx_smoke_0013" },
					{ "time": 0.9333, "name": "Fx_smoke/Fx_smoke_0014" },
					{ "time": 1, "name": "Fx_smoke/Fx_smoke_0015" },
					{ "time": 1.0667, "name": "Fx_smoke/Fx_smoke_0016" },
					{ "time": 1.1333, "name": "Fx_smoke/Fx_smoke_0017" },
					{ "time": 1.2, "name": "Fx_smoke/Fx_smoke_0018" },
					{ "time": 1.2667, "name": "Fx_smoke/Fx_smoke_0019" },
					{ "time": 1.3333, "name": "Fx_smoke/Fx_smoke_0000" },
					{ "time": 1.4, "name": "Fx_smoke/Fx_smoke_0001" },
					{ "time": 1.4667, "name": "Fx_smoke/Fx_smoke_0002" },
					{ "time": 1.5333, "name": "Fx_smoke/Fx_smoke_0003" },
					{ "time": 1.6, "name": "Fx_smoke/Fx_smoke_0004" },
					{ "time": 1.6667, "name": "Fx_smoke/Fx_smoke_0005" },
					{ "time": 1.7333, "name": "Fx_smoke/Fx_smoke_0006" },
					{ "time": 1.8, "name": "Fx_smoke/Fx_smoke_0007" },
					{ "time": 1.8667, "name": "Fx_smoke/Fx_smoke_0008" },
					{ "time": 1.9333, "name": "Fx_smoke/Fx_smoke_0009" },
					{ "time": 2, "name": "Fx_smoke/Fx_smoke_0010" },
					{ "time": 2.0667, "name": "Fx_smoke/Fx_smoke_0011" },
					{ "time": 2.1333, "name": "Fx_smoke/Fx_smoke_0012" },
					{ "time": 2.2, "name": "Fx_smoke/Fx_smoke_0013" },
					{ "time": 2.2667, "name": "Fx_smoke/Fx_smoke_0014" },
					{ "time": 2.3333, "name": "Fx_smoke/Fx_smoke_0015" },
					{ "time": 2.4, "name": "Fx_smoke/Fx_smoke_0016" },
					{ "time": 2.4667, "name": "Fx_smoke/Fx_smoke_0017" },
					{ "time": 2.5333, "name": "Fx_smoke/Fx_smoke_0018" },
					{ "time": 2.6, "name": "Fx_smoke/Fx_smoke_0019" },
					{ "time": 2.6667, "name": "Fx_smoke/Fx_smoke_0000" },
					{ "time": 2.7333, "name": "Fx_smoke/Fx_smoke_0001" },
					{ "time": 2.8, "name": "Fx_smoke/Fx_smoke_0002" },
					{ "time": 2.8667, "name": "Fx_smoke/Fx_smoke_0003" },
					{ "time": 2.9333, "name": "Fx_smoke/Fx_smoke_0004" },
					{ "time": 3, "name": "Fx_smoke/Fx_smoke_0005" },
					{ "time": 3.0667, "name": "Fx_smoke/Fx_smoke_0006" },
					{ "time": 3.1333, "name": "Fx_smoke/Fx_smoke_0007" },
					{ "time": 3.2, "name": "Fx_smoke/Fx_smoke_0008" },
					{ "time": 3.2667, "name": "Fx_smoke/Fx_smoke_0009" },
					{ "time": 3.3333, "name": "Fx_smoke/Fx_smoke_0010" },
					{ "time": 3.4, "name": "Fx_smoke/Fx_smoke_0011" },
					{ "time": 3.4667, "name": "Fx_smoke/Fx_smoke_0012" },
					{ "time": 3.5333, "name": "Fx_smoke/Fx_smoke_0013" },
					{ "time": 3.6, "name": "Fx_smoke/Fx_smoke_0014" },
					{ "time": 3.6667, "name": "Fx_smoke/Fx_smoke_0015" },
					{ "time": 3.7333, "name": "Fx_smoke/Fx_smoke_0016" },
					{ "time": 3.8, "name": "Fx_smoke/Fx_smoke_0017" },
					{ "time": 3.8667, "name": "Fx_smoke/Fx_smoke_0018" },
					{ "time": 3.9333, "name": "Fx_smoke/Fx_smoke_0019" },
					{ "time": 4, "name": "Fx_smoke/Fx_smoke_0000" }
				]
			},
			"Fx_smoke2": {
				"rgba": [
					{ "color": "ffffff59" }
				],
				"attachment": [
					{ "name": "Fx_smoke/Fx_smoke_0011" },
					{ "time": 0.0667, "name": "Fx_smoke/Fx_smoke_0012" },
					{ "time": 0.1333, "name": "Fx_smoke/Fx_smoke_0013" },
					{ "time": 0.2, "name": "Fx_smoke/Fx_smoke_0014" },
					{ "time": 0.2667, "name": "Fx_smoke/Fx_smoke_0015" },
					{ "time": 0.3333, "name": "Fx_smoke/Fx_smoke_0016" },
					{ "time": 0.4, "name": "Fx_smoke/Fx_smoke_0017" },
					{ "time": 0.4667, "name": "Fx_smoke/Fx_smoke_0018" },
					{ "time": 0.5333, "name": "Fx_smoke/Fx_smoke_0019" },
					{ "time": 0.6, "name": "Fx_smoke/Fx_smoke_0000" },
					{ "time": 0.6667, "name": "Fx_smoke/Fx_smoke_0001" },
					{ "time": 0.7333, "name": "Fx_smoke/Fx_smoke_0002" },
					{ "time": 0.8, "name": "Fx_smoke/Fx_smoke_0003" },
					{ "time": 0.8667, "name": "Fx_smoke/Fx_smoke_0004" },
					{ "time": 0.9333, "name": "Fx_smoke/Fx_smoke_0005" },
					{ "time": 1, "name": "Fx_smoke/Fx_smoke_0006" },
					{ "time": 1.0667, "name": "Fx_smoke/Fx_smoke_0007" },
					{ "time": 1.1333, "name": "Fx_smoke/Fx_smoke_0008" },
					{ "time": 1.2, "name": "Fx_smoke/Fx_smoke_0009" },
					{ "time": 1.2667, "name": "Fx_smoke/Fx_smoke_0010" },
					{ "time": 1.3333, "name": "Fx_smoke/Fx_smoke_0011" },
					{ "time": 1.4, "name": "Fx_smoke/Fx_smoke_0012" },
					{ "time": 1.4667, "name": "Fx_smoke/Fx_smoke_0013" },
					{ "time": 1.5333, "name": "Fx_smoke/Fx_smoke_0014" },
					{ "time": 1.6, "name": "Fx_smoke/Fx_smoke_0015" },
					{ "time": 1.6667, "name": "Fx_smoke/Fx_smoke_0016" },
					{ "time": 1.7333, "name": "Fx_smoke/Fx_smoke_0017" },
					{ "time": 1.8, "name": "Fx_smoke/Fx_smoke_0018" },
					{ "time": 1.8667, "name": "Fx_smoke/Fx_smoke_0019" },
					{ "time": 1.9333, "name": "Fx_smoke/Fx_smoke_0000" },
					{ "time": 2, "name": "Fx_smoke/Fx_smoke_0001" },
					{ "time": 2.0667, "name": "Fx_smoke/Fx_smoke_0002" },
					{ "time": 2.1333, "name": "Fx_smoke/Fx_smoke_0003" },
					{ "time": 2.2, "name": "Fx_smoke/Fx_smoke_0004" },
					{ "time": 2.2667, "name": "Fx_smoke/Fx_smoke_0005" },
					{ "time": 2.3333, "name": "Fx_smoke/Fx_smoke_0006" },
					{ "time": 2.4, "name": "Fx_smoke/Fx_smoke_0007" },
					{ "time": 2.4667, "name": "Fx_smoke/Fx_smoke_0008" },
					{ "time": 2.5333, "name": "Fx_smoke/Fx_smoke_0009" },
					{ "time": 2.6, "name": "Fx_smoke/Fx_smoke_0010" },
					{ "time": 2.6667, "name": "Fx_smoke/Fx_smoke_0011" },
					{ "time": 2.7333, "name": "Fx_smoke/Fx_smoke_0012" },
					{ "time": 2.8, "name": "Fx_smoke/Fx_smoke_0013" },
					{ "time": 2.8667, "name": "Fx_smoke/Fx_smoke_0014" },
					{ "time": 2.9333, "name": "Fx_smoke/Fx_smoke_0015" },
					{ "time": 3, "name": "Fx_smoke/Fx_smoke_0016" },
					{ "time": 3.0667, "name": "Fx_smoke/Fx_smoke_0017" },
					{ "time": 3.1333, "name": "Fx_smoke/Fx_smoke_0018" },
					{ "time": 3.2, "name": "Fx_smoke/Fx_smoke_0019" },
					{ "time": 3.2667, "name": "Fx_smoke/Fx_smoke_0000" },
					{ "time": 3.3333, "name": "Fx_smoke/Fx_smoke_0001" },
					{ "time": 3.4, "name": "Fx_smoke/Fx_smoke_0002" },
					{ "time": 3.4667, "name": "Fx_smoke/Fx_smoke_0003" },
					{ "time": 3.5333, "name": "Fx_smoke/Fx_smoke_0004" },
					{ "time": 3.6, "name": "Fx_smoke/Fx_smoke_0005" },
					{ "time": 3.6667, "name": "Fx_smoke/Fx_smoke_0006" },
					{ "time": 3.7333, "name": "Fx_smoke/Fx_smoke_0007" },
					{ "time": 3.8, "name": "Fx_smoke/Fx_smoke_0008" },
					{ "time": 3.8667, "name": "Fx_smoke/Fx_smoke_0009" },
					{ "time": 3.9333, "name": "Fx_smoke/Fx_smoke_0010" },
					{ "time": 4, "name": "Fx_smoke/Fx_smoke_0011" }
				]
			},
			"Fx_smoke3": {
				"rgba": [
					{ "color": "ffffff78" }
				],
				"attachment": [
					{ "name": "Fx_smoke/Fx_smoke_0012" },
					{ "time": 0.0667, "name": "Fx_smoke/Fx_smoke_0013" },
					{ "time": 0.1333, "name": "Fx_smoke/Fx_smoke_0014" },
					{ "time": 0.2, "name": "Fx_smoke/Fx_smoke_0015" },
					{ "time": 0.2667, "name": "Fx_smoke/Fx_smoke_0016" },
					{ "time": 0.3333, "name": "Fx_smoke/Fx_smoke_0017" },
					{ "time": 0.4, "name": "Fx_smoke/Fx_smoke_0018" },
					{ "time": 0.4667, "name": "Fx_smoke/Fx_smoke_0019" },
					{ "time": 0.5333, "name": "Fx_smoke/Fx_smoke_0000" },
					{ "time": 0.6, "name": "Fx_smoke/Fx_smoke_0001" },
					{ "time": 0.6667, "name": "Fx_smoke/Fx_smoke_0002" },
					{ "time": 0.7333, "name": "Fx_smoke/Fx_smoke_0003" },
					{ "time": 0.8, "name": "Fx_smoke/Fx_smoke_0004" },
					{ "time": 0.8667, "name": "Fx_smoke/Fx_smoke_0005" },
					{ "time": 0.9333, "name": "Fx_smoke/Fx_smoke_0006" },
					{ "time": 1, "name": "Fx_smoke/Fx_smoke_0007" },
					{ "time": 1.0667, "name": "Fx_smoke/Fx_smoke_0008" },
					{ "time": 1.1333, "name": "Fx_smoke/Fx_smoke_0009" },
					{ "time": 1.2, "name": "Fx_smoke/Fx_smoke_0010" },
					{ "time": 1.2667, "name": "Fx_smoke/Fx_smoke_0011" },
					{ "time": 1.3333, "name": "Fx_smoke/Fx_smoke_0012" },
					{ "time": 1.4, "name": "Fx_smoke/Fx_smoke_0013" },
					{ "time": 1.4667, "name": "Fx_smoke/Fx_smoke_0014" },
					{ "time": 1.5333, "name": "Fx_smoke/Fx_smoke_0015" },
					{ "time": 1.6, "name": "Fx_smoke/Fx_smoke_0016" },
					{ "time": 1.6667, "name": "Fx_smoke/Fx_smoke_0017" },
					{ "time": 1.7333, "name": "Fx_smoke/Fx_smoke_0018" },
					{ "time": 1.8, "name": "Fx_smoke/Fx_smoke_0019" },
					{ "time": 1.8667, "name": "Fx_smoke/Fx_smoke_0000" },
					{ "time": 1.9333, "name": "Fx_smoke/Fx_smoke_0001" },
					{ "time": 2, "name": "Fx_smoke/Fx_smoke_0002" },
					{ "time": 2.0667, "name": "Fx_smoke/Fx_smoke_0003" },
					{ "time": 2.1333, "name": "Fx_smoke/Fx_smoke_0004" },
					{ "time": 2.2, "name": "Fx_smoke/Fx_smoke_0005" },
					{ "time": 2.2667, "name": "Fx_smoke/Fx_smoke_0006" },
					{ "time": 2.3333, "name": "Fx_smoke/Fx_smoke_0007" },
					{ "time": 2.4, "name": "Fx_smoke/Fx_smoke_0008" },
					{ "time": 2.4667, "name": "Fx_smoke/Fx_smoke_0009" },
					{ "time": 2.5333, "name": "Fx_smoke/Fx_smoke_0010" },
					{ "time": 2.6, "name": "Fx_smoke/Fx_smoke_0011" },
					{ "time": 2.6667, "name": "Fx_smoke/Fx_smoke_0012" },
					{ "time": 2.7333, "name": "Fx_smoke/Fx_smoke_0013" },
					{ "time": 2.8, "name": "Fx_smoke/Fx_smoke_0014" },
					{ "time": 2.8667, "name": "Fx_smoke/Fx_smoke_0015" },
					{ "time": 2.9333, "name": "Fx_smoke/Fx_smoke_0016" },
					{ "time": 3, "name": "Fx_smoke/Fx_smoke_0017" },
					{ "time": 3.0667, "name": "Fx_smoke/Fx_smoke_0018" },
					{ "time": 3.1333, "name": "Fx_smoke/Fx_smoke_0019" },
					{ "time": 3.2, "name": "Fx_smoke/Fx_smoke_0000" },
					{ "time": 3.2667, "name": "Fx_smoke/Fx_smoke_0001" },
					{ "time": 3.3333, "name": "Fx_smoke/Fx_smoke_0002" },
					{ "time": 3.4, "name": "Fx_smoke/Fx_smoke_0003" },
					{ "time": 3.4667, "name": "Fx_smoke/Fx_smoke_0004" },
					{ "time": 3.5333, "name": "Fx_smoke/Fx_smoke_0005" },
					{ "time": 3.6, "name": "Fx_smoke/Fx_smoke_0006" },
					{ "time": 3.6667, "name": "Fx_smoke/Fx_smoke_0007" },
					{ "time": 3.7333, "name": "Fx_smoke/Fx_smoke_0008" },
					{ "time": 3.8, "name": "Fx_smoke/Fx_smoke_0009" },
					{ "time": 3.8667, "name": "Fx_smoke/Fx_smoke_0010" },
					{ "time": 3.9333, "name": "Fx_smoke/Fx_smoke_0011" },
					{ "time": 4, "name": "Fx_smoke/Fx_smoke_0012" }
				]
			},
			"Fx_smoke4": {
				"rgba": [
					{ "color": "ffffff78" }
				],
				"attachment": [
					{ "name": "Fx_smoke/Fx_smoke_0011" },
					{ "time": 0.0667, "name": "Fx_smoke/Fx_smoke_0012" },
					{ "time": 0.1333, "name": "Fx_smoke/Fx_smoke_0013" },
					{ "time": 0.2, "name": "Fx_smoke/Fx_smoke_0014" },
					{ "time": 0.2667, "name": "Fx_smoke/Fx_smoke_0015" },
					{ "time": 0.3333, "name": "Fx_smoke/Fx_smoke_0016" },
					{ "time": 0.4, "name": "Fx_smoke/Fx_smoke_0017" },
					{ "time": 0.4667, "name": "Fx_smoke/Fx_smoke_0018" },
					{ "time": 0.5333, "name": "Fx_smoke/Fx_smoke_0019" },
					{ "time": 0.6, "name": "Fx_smoke/Fx_smoke_0000" },
					{ "time": 0.6667, "name": "Fx_smoke/Fx_smoke_0001" },
					{ "time": 0.7333, "name": "Fx_smoke/Fx_smoke_0002" },
					{ "time": 0.8, "name": "Fx_smoke/Fx_smoke_0003" },
					{ "time": 0.8667, "name": "Fx_smoke/Fx_smoke_0004" },
					{ "time": 0.9333, "name": "Fx_smoke/Fx_smoke_0005" },
					{ "time": 1, "name": "Fx_smoke/Fx_smoke_0006" },
					{ "time": 1.0667, "name": "Fx_smoke/Fx_smoke_0007" },
					{ "time": 1.1333, "name": "Fx_smoke/Fx_smoke_0008" },
					{ "time": 1.2, "name": "Fx_smoke/Fx_smoke_0009" },
					{ "time": 1.2667, "name": "Fx_smoke/Fx_smoke_0010" },
					{ "time": 1.3333, "name": "Fx_smoke/Fx_smoke_0011" },
					{ "time": 1.4, "name": "Fx_smoke/Fx_smoke_0012" },
					{ "time": 1.4667, "name": "Fx_smoke/Fx_smoke_0013" },
					{ "time": 1.5333, "name": "Fx_smoke/Fx_smoke_0014" },
					{ "time": 1.6, "name": "Fx_smoke/Fx_smoke_0015" },
					{ "time": 1.6667, "name": "Fx_smoke/Fx_smoke_0016" },
					{ "time": 1.7333, "name": "Fx_smoke/Fx_smoke_0017" },
					{ "time": 1.8, "name": "Fx_smoke/Fx_smoke_0018" },
					{ "time": 1.8667, "name": "Fx_smoke/Fx_smoke_0019" },
					{ "time": 1.9333, "name": "Fx_smoke/Fx_smoke_0000" },
					{ "time": 2, "name": "Fx_smoke/Fx_smoke_0001" },
					{ "time": 2.0667, "name": "Fx_smoke/Fx_smoke_0002" },
					{ "time": 2.1333, "name": "Fx_smoke/Fx_smoke_0003" },
					{ "time": 2.2, "name": "Fx_smoke/Fx_smoke_0004" },
					{ "time": 2.2667, "name": "Fx_smoke/Fx_smoke_0005" },
					{ "time": 2.3333, "name": "Fx_smoke/Fx_smoke_0006" },
					{ "time": 2.4, "name": "Fx_smoke/Fx_smoke_0007" },
					{ "time": 2.4667, "name": "Fx_smoke/Fx_smoke_0008" },
					{ "time": 2.5333, "name": "Fx_smoke/Fx_smoke_0009" },
					{ "time": 2.6, "name": "Fx_smoke/Fx_smoke_0010" },
					{ "time": 2.6667, "name": "Fx_smoke/Fx_smoke_0011" },
					{ "time": 2.7333, "name": "Fx_smoke/Fx_smoke_0012" },
					{ "time": 2.8, "name": "Fx_smoke/Fx_smoke_0013" },
					{ "time": 2.8667, "name": "Fx_smoke/Fx_smoke_0014" },
					{ "time": 2.9333, "name": "Fx_smoke/Fx_smoke_0015" },
					{ "time": 3, "name": "Fx_smoke/Fx_smoke_0016" },
					{ "time": 3.0667, "name": "Fx_smoke/Fx_smoke_0017" },
					{ "time": 3.1333, "name": "Fx_smoke/Fx_smoke_0018" },
					{ "time": 3.2, "name": "Fx_smoke/Fx_smoke_0019" },
					{ "time": 3.2667, "name": "Fx_smoke/Fx_smoke_0000" },
					{ "time": 3.3333, "name": "Fx_smoke/Fx_smoke_0001" },
					{ "time": 3.4, "name": "Fx_smoke/Fx_smoke_0002" },
					{ "time": 3.4667, "name": "Fx_smoke/Fx_smoke_0003" },
					{ "time": 3.5333, "name": "Fx_smoke/Fx_smoke_0004" },
					{ "time": 3.6, "name": "Fx_smoke/Fx_smoke_0005" },
					{ "time": 3.6667, "name": "Fx_smoke/Fx_smoke_0006" },
					{ "time": 3.7333, "name": "Fx_smoke/Fx_smoke_0007" },
					{ "time": 3.8, "name": "Fx_smoke/Fx_smoke_0008" },
					{ "time": 3.8667, "name": "Fx_smoke/Fx_smoke_0009" },
					{ "time": 3.9333, "name": "Fx_smoke/Fx_smoke_0010" },
					{ "time": 4, "name": "Fx_smoke/Fx_smoke_0011" }
				]
			},
			"Fx_Thunder": {
				"attachment": [
					{ "name": null },
					{ "time": 0.3, "name": "Fx_Thunder/Fx_Thunder_00000" },
					{ "time": 0.3333, "name": "Fx_Thunder/Fx_Thunder_00001" },
					{ "time": 0.3667, "name": "Fx_Thunder/Fx_Thunder_00002" },
					{ "time": 0.4, "name": "Fx_Thunder/Fx_Thunder_00003" },
					{ "time": 0.4333, "name": "Fx_Thunder/Fx_Thunder_00004" },
					{ "time": 0.4667, "name": "Fx_Thunder/Fx_Thunder_00005" },
					{ "time": 0.5, "name": "Fx_Thunder/Fx_Thunder_00006" },
					{ "time": 0.5333, "name": "Fx_Thunder/Fx_Thunder_00007" },
					{ "time": 0.5667, "name": "Fx_Thunder/Fx_Thunder_00008" },
					{ "time": 0.6, "name": "Fx_Thunder/Fx_Thunder_00009" },
					{ "time": 0.6333, "name": null },
					{ "time": 1.7667, "name": "Fx_Thunder/Fx_Thunder_00000" },
					{ "time": 1.8333, "name": "Fx_Thunder/Fx_Thunder_00002" },
					{ "time": 1.9, "name": "Fx_Thunder/Fx_Thunder_00004" },
					{ "time": 1.9667, "name": "Fx_Thunder/Fx_Thunder_00006" },
					{ "time": 2.0333, "name": "Fx_Thunder/Fx_Thunder_00008" },
					{ "time": 2.1, "name": null },
					{ "time": 3.1333, "name": "Fx_Thunder/Fx_Thunder_00000" },
					{ "time": 3.1667, "name": "Fx_Thunder/Fx_Thunder_00001" },
					{ "time": 3.2, "name": "Fx_Thunder/Fx_Thunder_00002" },
					{ "time": 3.2333, "name": "Fx_Thunder/Fx_Thunder_00003" },
					{ "time": 3.2667, "name": "Fx_Thunder/Fx_Thunder_00004" },
					{ "time": 3.3, "name": "Fx_Thunder/Fx_Thunder_00005" },
					{ "time": 3.3333, "name": "Fx_Thunder/Fx_Thunder_00006" },
					{ "time": 3.3667, "name": "Fx_Thunder/Fx_Thunder_00007" },
					{ "time": 3.4, "name": "Fx_Thunder/Fx_Thunder_00008" },
					{ "time": 3.4333, "name": "Fx_Thunder/Fx_Thunder_00009" },
					{ "time": 3.4667, "name": null }
				]
			},
			"Fx_Thunder2": {
				"attachment": [
					{ "name": null },
					{ "time": 0.4667, "name": "Fx_Thunder/Fx_Thunder_00000" },
					{ "time": 0.5, "name": "Fx_Thunder/Fx_Thunder_00001" },
					{ "time": 0.5333, "name": "Fx_Thunder/Fx_Thunder_00002" },
					{ "time": 0.5667, "name": "Fx_Thunder/Fx_Thunder_00003" },
					{ "time": 0.6, "name": "Fx_Thunder/Fx_Thunder_00004" },
					{ "time": 0.6333, "name": "Fx_Thunder/Fx_Thunder_00005" },
					{ "time": 0.6667, "name": "Fx_Thunder/Fx_Thunder_00006" },
					{ "time": 0.7, "name": "Fx_Thunder/Fx_Thunder_00007" },
					{ "time": 0.7333, "name": "Fx_Thunder/Fx_Thunder_00008" },
					{ "time": 0.7667, "name": "Fx_Thunder/Fx_Thunder_00009" },
					{ "time": 0.8, "name": null },
					{ "time": 2.0667, "name": "Fx_Thunder/Fx_Thunder_00000" },
					{ "time": 2.1333, "name": "Fx_Thunder/Fx_Thunder_00002" },
					{ "time": 2.2, "name": "Fx_Thunder/Fx_Thunder_00004" },
					{ "time": 2.2667, "name": "Fx_Thunder/Fx_Thunder_00006" },
					{ "time": 2.3333, "name": "Fx_Thunder/Fx_Thunder_00008" },
					{ "time": 2.4, "name": null },
					{ "time": 2.8, "name": "Fx_Thunder/Fx_Thunder_00000" },
					{ "time": 2.8333, "name": "Fx_Thunder/Fx_Thunder_00001" },
					{ "time": 2.8667, "name": "Fx_Thunder/Fx_Thunder_00002" },
					{ "time": 2.9, "name": "Fx_Thunder/Fx_Thunder_00003" },
					{ "time": 2.9333, "name": "Fx_Thunder/Fx_Thunder_00004" },
					{ "time": 2.9667, "name": "Fx_Thunder/Fx_Thunder_00005" },
					{ "time": 3, "name": "Fx_Thunder/Fx_Thunder_00006" },
					{ "time": 3.0333, "name": "Fx_Thunder/Fx_Thunder_00007" },
					{ "time": 3.0667, "name": "Fx_Thunder/Fx_Thunder_00008" },
					{ "time": 3.1, "name": "Fx_Thunder/Fx_Thunder_00009" },
					{ "time": 3.1333, "name": null }
				]
			}
		},
		"bones": {
			"Fx_par_b": {
				"translate": [
					{ "x": 9.2, "y": 9.19 }
				]
			},
			"Fx_par_b2": {
				"translate": [
					{ "x": 9.2, "y": 69.88 }
				],
				"scale": [
					{ "y": 1.333 }
				]
			},
			"Fx_smoke": {
				"translate": [
					{ "x": -601.35, "y": -356.77 }
				],
				"scale": [
					{ "x": 2, "y": 2 }
				]
			},
			"Fx_smoke2": {
				"translate": [
					{ "x": -422.97, "y": -411.94 }
				],
				"scale": [
					{ "x": 1.5 }
				]
			},
			"Fx_smoke3": {
				"translate": [
					{ "x": 708.01, "y": -283.21 }
				],
				"scale": [
					{ "x": 3, "y": 2.5 }
				]
			},
			"Fx_smoke4": {
				"translate": [
					{ "x": 327.34, "y": -426.65 }
				],
				"scale": [
					{ "x": 2 }
				]
			},
			"Fx_Thunder": {
				"rotate": [
					{ "value": 13.12, "curve": "stepped" },
					{ "time": 0.6333, "value": 13.12, "curve": "stepped" },
					{ "time": 1.7667, "value": -2.99, "curve": "stepped" },
					{ "time": 3.1333, "value": 27.81 }
				],
				"translate": [
					{ "x": -196.77, "y": 446.67, "curve": "stepped" },
					{ "time": 0.6333, "x": -196.77, "y": 446.67, "curve": "stepped" },
					{ "time": 1.7667, "x": -120.49, "y": 446.67, "curve": "stepped" },
					{ "time": 3.1333, "x": -167.65, "y": 443.9 }
				],
				"scale": [
					{ "x": 0.737, "y": 0.737, "curve": "stepped" },
					{ "time": 0.6333, "x": 0.737, "y": 0.737, "curve": "stepped" },
					{ "time": 1.7667, "x": 0.592, "y": 0.592, "curve": "stepped" },
					{ "time": 3.1333, "x": 0.437, "y": 0.737 }
				]
			},
			"Fx_Thunder2": {
				"rotate": [
					{ "value": -63.7, "curve": "stepped" },
					{ "time": 0.4667, "value": -63.7, "curve": "stepped" },
					{ "time": 2.0667, "value": -48.11, "curve": "stepped" },
					{ "time": 2.8, "value": -69.6 }
				],
				"translate": [
					{ "x": 355.25, "y": 463.32, "curve": "stepped" },
					{ "time": 0.4667, "x": 355.25, "y": 463.32, "curve": "stepped" },
					{ "time": 2.0667, "x": 301.16, "y": 481.35, "curve": "stepped" },
					{ "time": 2.8, "x": 462.05, "y": 470.25 }
				],
				"scale": [
					{ "x": 0.551, "y": 0.551, "curve": "stepped" },
					{ "time": 0.4667, "x": 0.551, "y": 0.551, "curve": "stepped" },
					{ "time": 2.0667, "x": 0.345, "y": 0.5, "curve": "stepped" },
					{ "time": 2.8, "x": 0.566, "y": 0.703 }
				]
			}
		}
	}
}
}